timestamp,trade_id,timestamp,pnl,fee_paid,balance,equity,qty,price,psize,pprice,type,wallet_exposure
1667001664000.0,61,1667001664000.0,0.0,-1.6688e-05,299.999983312,299.999863312,-2.0,0.08344,-2.0,0.08344,short_ientry,0.0005562666976099288
1667001684000.0,81,1667001684000.0,0.00014000000000000123,-8.33e-06,300.00011498199996,300.000284982,1.0,0.0833,-1.0,0.08344,short_nclose,0.00027813322673228444
1667001684000.0,81,1667001684000.0,0.00014000000000000123,-8.33e-06,300.00024665199993,300.00024665199993,1.0,0.0833,0.0,0.08344,short_nclose,0.0
1667001685000.0,82,1667001685000.0,0.0,-1.6654e-05,300.00022999799995,300.00018999799994,-2.0,0.08327,-2.0,0.08327,short_ientry,0.0005551329077351383
1667001722000.0,119,1667001722000.0,0.0,-2.5050000000000002e-05,300.000204948,299.999544948,-3.0,0.0835,-5.0,0.083408,short_primary_rentry,0.001390132383650494
1667001729000.0,126,1667001729000.0,0.0,-9.207e-05,300.000112878,299.998012878,-11.0,0.0837,-16.0,0.08360875,short_primary_rentry,0.004459131655540457
1667001747000.0,144,1667001747000.0,0.0,-0.00028526,299.999827618,299.992167618,-34.0,0.0839,-50.0,0.0838068,short_primary_rentry,0.013967808025995612
1667002214000.0,611,1667002214000.0,0.0007476000000000288,-5.859e-05,300.000516628,300.005539028,7.0,0.0837,-43.0,0.0838068,short_nclose,0.012012287313720098
1667002238000.0,635,1667002238000.0,0.0014476000000000488,-5.8519999999999995e-05,300.00190570800004,300.010790508,7.0,0.0836,-36.0,0.0838068,short_nclose,0.010056752115890128
1667002238000.0,635,1667002238000.0,0.0014476000000000488,-5.8519999999999995e-05,300.00329478800006,300.01045198800006,7.0,0.0836,-29.0,0.0838068,short_nclose,0.008101235027160156
1667002247000.0,644,1667002247000.0,0.0008272000000000279,-3.344e-05,300.0040885480001,300.0100085480001,4.0,0.0836,-25.0,0.0838068,short_nclose,0.00698380482126255
1667002247000.0,644,1667002247000.0,0.0008272000000000279,-3.344e-05,300.0048823080001,300.0098551080001,4.0,0.0836,-21.0,0.0838068,short_nclose,0.0058663805284113815
1667002262000.0,659,1667002262000.0,0.0015339999999999798,-4.1750000000000005e-05,300.0063745580001,300.0119233580001,5.0,0.0835,-16.0,0.0838068,short_nclose,0.0044696010275633745
1667002277000.0,674,1667002277000.0,0.0012271999999999839,-3.3400000000000005e-05,300.0075683580001,300.0113699580001,4.0,0.0835,-12.0,0.0838068,short_nclose,0.003352187431484783
1667002299000.0,696,1667002299000.0,0.00041360000000001396,-1.672e-05,300.0079652380001,300.0102332380001,2.0,0.0836,-10.0,0.0838068,short_nclose,0.0027934858307350277
1667002299000.0,696,1667002299000.0,0.00041360000000001396,-1.672e-05,300.0083621180001,300.0101765180001,2.0,0.0836,-8.0,0.0838068,short_nclose,0.0022347857081940104
1667002305000.0,702,1667002305000.0,0.0006135999999999919,-1.6700000000000003e-05,300.0089590180001,300.0110398180001,2.0,0.0835,-6.0,0.0838068,short_nclose,0.001676085946386122
1667002320000.0,717,1667002320000.0,0.0008135999999999977,-1.668e-05,300.0097559380001,300.0114231380001,2.0,0.0834,-4.0,0.0838068,short_nclose,0.0011173876627841325
1667002320000.0,717,1667002320000.0,0.0008135999999999977,-1.668e-05,300.01055285800015,300.0113864580002,2.0,0.0834,-2.0,0.0838068,short_nclose,0.0005586923473299762
1667002341000.0,738,1667002341000.0,0.00040679999999999883,-8.34e-06,300.01095131800014,300.0113681180001,1.0,0.0834,-1.0,0.0838068,short_nclose,0.0002793458026509439
1667002341000.0,738,1667002341000.0,0.00040679999999999883,-8.34e-06,300.0113497780001,300.0113497780001,1.0,0.0834,0.0,0.0838068,short_nclose,0.0
1667002347000.0,744,1667002347000.0,0.0,-1.6668e-05,300.0113331100001,300.0113131100001,-2.0,0.08334,-2.0,0.08334,short_ientry,0.0005555790118731489
1667002361000.0,758,1667002361000.0,0.0,-2.5050000000000002e-05,300.01130806000015,300.01083806000014,-3.0,0.0835,-5.0,0.083436,short_primary_rentry,0.0013905475853482393
1667002410000.0,807,1667002410000.0,0.00013599999999999723,-8.33e-06,300.01143573000013,300.01205973000015,1.0,0.0833,-4.0,0.083436,short_nclose,0.0011124375948800764
1667002449000.0,846,1667002449000.0,0.0,-8.350000000000001e-06,300.01142738000016,300.01107138000015,-1.0,0.0835,-5.0,0.0834488,short_primary_rentry,0.0013907603575096853
1667002531000.0,928,1667002531000.0,0.00014880000000000448,-8.33e-06,300.0115678500001,300.0122030500001,1.0,0.0833,-4.0,0.0834488,short_nclose,0.001112607765067549
1667002531000.0,928,1667002531000.0,0.00014880000000000448,-8.33e-06,300.0117083200001,300.0121847200001,1.0,0.0833,-3.0,0.0834488,short_nclose,0.0008344554330958784
1667002537000.0,934,1667002537000.0,0.00024880000000000735,-8.32e-06,300.0119488000001,300.01266640000006,1.0,0.0832,-2.0,0.0834488,short_nclose,0.000556303176148696
1667002537000.0,934,1667002537000.0,0.0003488000000000102,-8.31e-06,300.01228929000007,300.0126480900001,1.0,0.0831,-1.0,0.0834488,short_nclose,0.00027815127239449886
1667002537000.0,934,1667002537000.0,0.0003488000000000102,-8.31e-06,300.01262978000005,300.01262978000005,1.0,0.0831,0.0,0.0834488,short_nclose,0.0
1667002541000.0,938,1667002541000.0,0.0,-1.6582e-05,300.01261319800005,300.0125131980001,-2.0,0.08291,-2.0,0.08291,short_ientry,0.0005527100951937756
1667002616000.0,1013,1667002616000.0,0.0,-2.4929999999999997e-05,300.01258826800006,300.01215826800006,-3.0,0.0831,-5.0,0.08302399999999999,short_primary_rentry,0.001383675273082791
1667002619000.0,1016,1667002619000.0,0.0,-9.163e-05,300.0124966380001,300.01079663800004,-11.0,0.0833,-16.0,0.08321375,short_primary_rentry,0.004437881804658667
1667002643000.0,1040,1667002643000.0,0.0,-0.0002839,300.0122127380001,300.00713273800005,-34.0,0.0835,-50.0,0.08340840000000001,short_primary_rentry,0.013900834109183474
1667002808000.0,1205,1667002808000.0,0.0007588000000000594,-5.8309999999999996e-05,300.0129132280001,300.01972442800013,7.0,0.0833,-43.0,0.08340840000000001,short_nclose,0.011954689421232777
1667002814000.0,1211,1667002814000.0,0.0006504000000000509,-4.9980000000000006e-05,300.0135136480001,300.0186344480001,6.0,0.0833,-37.0,0.08340840000000001,short_nclose,0.010286572636260887
1667002848000.0,1245,1667002848000.0,0.0012504000000000681,-4.992e-05,300.01471412800015,300.02210452800017,6.0,0.0832,-31.0,0.08340840000000001,short_nclose,0.008618445290309454
1667002848000.0,1245,1667002848000.0,0.0012504000000000681,-4.992e-05,300.0159146080002,300.0218746080002,6.0,0.0832,-25.0,0.08340840000000001,short_nclose,0.006950331294006615
1667002942000.0,1339,1667002942000.0,0.00032520000000002547,-2.4990000000000003e-05,300.0162148180002,300.0190396180002,3.0,0.0833,-22.0,0.08340840000000001,short_nclose,0.006116285418483674
1667003163000.0,1560,1667003163000.0,0.0,-0.00023407999999999998,300.0159807380002,300.00926553800025,-28.0,0.0836,-50.0,0.083515696,short_primary_rentry,0.013918541238130426
1667003703000.0,2100,1667003703000.0,0.0008098719999999893,-5.838e-05,300.01673223000023,300.02256715800024,7.0,0.0834,-43.0,0.083515696,short_nclose,0.011969915482070236
1667003709000.0,2106,1667003709000.0,0.0006941759999999908,-5.0039999999999995e-05,300.01737636600024,300.0227671180002,6.0,0.0834,-37.0,0.083515696,short_nclose,0.010299672603730516
1667003715000.0,2112,1667003715000.0,0.001294176000000008,-4.9980000000000006e-05,300.01862056200025,300.02592713800027,6.0,0.0833,-31.0,0.083515696,short_nclose,0.008629419637855356
1667003715000.0,2112,1667003715000.0,0.001294176000000008,-4.9980000000000006e-05,300.01986475800027,300.02575715800026,6.0,0.0833,-25.0,0.083515696,short_nclose,0.006959180525209955
1667003735000.0,2132,1667003735000.0,0.0008627840000000053,-3.332e-05,300.02069422200026,300.02543383800025,4.0,0.0833,-21.0,0.083515696,short_nclose,0.0058456954795999974
1667003735000.0,2132,1667003735000.0,0.0008627840000000053,-3.332e-05,300.02152368600025,300.02536051800024,4.0,0.0833,-17.0,0.083515696,short_nclose,0.0047322165908533775
1667003744000.0,2141,1667003744000.0,0.00043139200000000266,-1.666e-05,300.0219384180003,300.02532385800026,2.0,0.0833,-15.0,0.083515696,short_nclose,0.0041754794552878605
1667003744000.0,2141,1667003744000.0,0.00043139200000000266,-1.666e-05,300.0223531500003,300.0252871980003,2.0,0.0833,-13.0,0.083515696,short_nclose,0.00361874385891903
1667003753000.0,2150,1667003753000.0,0.00043139200000000266,-1.666e-05,300.0227678820003,300.0254705380003,2.0,0.0833,-11.0,0.083515696,short_nclose,0.0030620098017405005
1667003753000.0,2150,1667003753000.0,0.00043139200000000266,-1.666e-05,300.02318261400035,300.02539387800033,2.0,0.0833,-9.0,0.083515696,short_nclose,0.0025052772837458903
1667003810000.0,2207,1667003810000.0,0.00011569599999999847,-8.34e-06,300.02328997000035,300.02437553800036,1.0,0.0834,-8.0,0.083515696,short_nclose,0.002226912344261029
1667003895000.0,2292,1667003895000.0,0.00011569599999999847,-8.34e-06,300.02339732600035,300.02427719800033,1.0,0.0834,-7.0,0.083515696,short_nclose,0.0019485476039882745
1667003925000.0,2322,1667003925000.0,0.00011569599999999847,-8.34e-06,300.02350468200035,300.02431885800036,1.0,0.0834,-6.0,0.083515696,short_nclose,0.001670183062927412
1667003946000.0,2343,1667003946000.0,0.00011569599999999847,-8.34e-06,300.02361203800035,300.02424051800034,1.0,0.0834,-5.0,0.083515696,short_nclose,0.0013918187210782277
1667003985000.0,2382,1667003985000.0,0.00021569600000000133,-8.33e-06,300.02381940400033,300.02476218800035,1.0,0.0833,-4.0,0.083515696,short_nclose,0.0011134542072813362
1667003985000.0,2382,1667003985000.0,0.00021569600000000133,-8.33e-06,300.0240267700003,300.02473385800033,1.0,0.0833,-3.0,0.083515696,short_nclose,0.0008350900782758659
1667003992000.0,2389,1667003992000.0,0.0003156960000000042,-8.32e-06,300.0243341460003,300.0250055380003,1.0,0.0832,-2.0,0.083515696,short_nclose,0.0005567261484820689
1667003992000.0,2389,1667003992000.0,0.0003156960000000042,-8.32e-06,300.02464152200025,300.02497721800023,1.0,0.0832,-1.0,0.083515696,short_nclose,0.00027836278905736463
1667003997000.0,2394,1667003997000.0,0.00041569600000000706,-8.31e-06,300.02504890800026,300.02504890800026,1.0,0.0831,0.0,0.083515696,short_nclose,0.0
1667003999000.0,2396,1667003999000.0,0.0,-1.6610000000000002e-05,300.02503229800027,300.02501229800026,-2.0,0.08305,-2.0,0.08305,short_ientry,0.0005536204720245507
1667004010000.0,2407,1667004010000.0,0.0,-2.496e-05,300.02500733800025,300.02455733800025,-3.0,0.0832,-5.0,0.08313999999999999,short_primary_rentry,0.0013855511701785688
1667004261000.0,2658,1667004261000.0,0.0,-9.174e-05,300.02491559800023,300.02265559800026,-11.0,0.0834,-16.0,0.08331875,short_primary_rentry,0.0044432976419405265
1667004429000.0,2826,1667004429000.0,0.0,-0.00028423999999999995,300.02463135800025,300.0186313580003,-34.0,0.0836,-50.0,0.08351,short_primary_rentry,0.013917190668980917
1667004947000.0,3344,1667004947000.0,0.0,-0.0014784000000000002,300.02315295800025,299.97831295800023,-176.0,0.084,-226.0,0.08389159292035397,short_primary_rentry,0.06319345628186938
1667005255000.0,3652,1667005255000.0,0.0029309734513272012,-0.00026816000000000003,300.02581577145156,300.04940479800024,32.0,0.0838,-194.0,0.08389159292035397,short_nclose,0.05424522881373093
1667005262000.0,3659,1667005262000.0,0.002473008849557326,-0.00022626,300.02806252030115,300.05003853800025,27.0,0.0838,-167.0,0.08389159292035397,short_nclose,0.046695285434345486
1667005280000.0,3677,1667005280000.0,0.005173008849557403,-0.00022599000000000002,300.0330095391507,300.0640325480003,27.0,0.0837,-140.0,0.08389159292035397,short_nclose,0.03914510282348448
1667005295000.0,3692,1667005295000.0,0.008164601769911461,-0.00023407999999999998,300.04094006092066,300.0747184680003,28.0,0.0836,-112.0,0.08389159292035397,short_nclose,0.03131525452883829
1667005295000.0,3692,1667005295000.0,0.008164601769911461,-0.00023407999999999998,300.0488705826906,300.07420438800034,28.0,0.0836,-84.0,0.08389159292035397,short_nclose,0.023485820131983057
1667005338000.0,3735,1667005338000.0,0.0026823008849556906,-0.00011718,300.0514357035755,300.0655472080003,14.0,0.0837,-70.0,0.08389159292035397,short_nclose,0.019571349460984433
1667005359000.0,3756,1667005359000.0,0.002107522123893757,-9.207e-05,300.0534511556994,300.0653451380003,11.0,0.0837,-59.0,0.08389159292035397,short_nclose,0.016495740886287982
1667005394000.0,3791,1667005394000.0,0.0017243362831858011,-7.533e-05,300.0551001619826,300.06517980800027,9.0,0.0837,-50.0,0.08389159292035397,short_nclose,0.013979364602545617
1667005765000.0,4162,1667005765000.0,0.0,-0.00142636,300.0536738019826,300.0260634480003,-169.0,0.0844,-219.0,0.08428392532428174,short_primary_rentry,0.061516259448297875
1667006013000.0,4410,1667006013000.0,0.0,-0.004513500000000001,300.0491603019826,299.8848399480003,-531.0,0.085,-750.0,0.08479090619469026,short_primary_rentry,0.21194253495665422
1667006351000.0,4748,1667006351000.0,0.0,-0.008677399999999998,300.0404829019826,299.1160725480003,-1009.0,0.086,-1759.0,0.08548446824674116,short_primary_rentry,0.5011563046148667
1667015118000.0,13515,1667015118000.0,0.04630152993203175,-0.00214103,300.0846434019146,300.4080615180003,251.0,0.0853,-1508.0,0.08548446824674116,short_nclose,0.4295807231409403
1667015118000.0,13515,1667015118000.0,0.04630152993203175,-0.00214103,300.1288039018466,300.39839048800025,251.0,0.0853,-1257.0,0.08548446824674116,short_nclose,0.3580262047134108
1667017487000.0,15884,1667017487000.0,0.0,-0.004054800000000001,300.1247491018466,297.89944568800024,-465.0,0.0872,-1722.0,0.0859477215947466,short_primary_rentry,0.4931348615169672
1667018746000.0,17143,1667018746000.0,0.036339512307664246,-0.00211068,300.1589779341543,300.4065350080003,246.0,0.0858,-1476.0,0.0859477215947466,short_nclose,0.42263882275636927
1667018746000.0,17143,1667018746000.0,0.036339512307664246,-0.00211068,300.19320676646197,300.3995043280003,246.0,0.0858,-1230.0,0.0859477215947466,short_nclose,0.35215886028953614
1667018865000.0,17262,1667018865000.0,0.02585127908065546,-0.0015015000000000002,300.2175565455426,300.38395282800025,175.0,0.0858,-1055.0,0.0859477215947466,short_nclose,0.3020304585974552
1667018865000.0,17262,1667018865000.0,0.02585127908065546,-0.0015015000000000002,300.24190632462324,300.38070132800027,175.0,0.0858,-880.0,0.0859477215947466,short_nclose,0.2519101877857154
1667018878000.0,17275,1667018878000.0,0.018465199343325328,-0.0010725,300.25929902396655,300.4010288280002,125.0,0.0858,-755.0,0.0859477215947466,short_nclose,0.21611497134299965
1667018878000.0,17275,1667018878000.0,0.018465199343325328,-0.0010725,300.27669172330985,300.3949563280002,125.0,0.0858,-630.0,0.0859477215947466,short_nclose,0.18032390157869532
1667018896000.0,17293,1667018896000.0,0.013294943527194236,-0.0007722000000000001,300.28921446683705,300.3797841280002,90.0,0.0858,-540.0,0.0859477215947466,short_nclose,0.15455689856716023
1667018896000.0,17293,1667018896000.0,0.013294943527194236,-0.0007722000000000001,300.30173721036425,300.37721192800024,90.0,0.0858,-450.0,0.0859477215947466,short_nclose,0.12879204455131982
1667019142000.0,17539,1667019142000.0,0.009454182063782568,-0.0005491200000000001,300.310642272428,300.37152280800024,64.0,0.0858,-386.0,0.0859477215947466,short_nclose,0.11047167787506047
1667019142000.0,17539,1667019142000.0,0.009454182063782568,-0.0005491200000000001,300.3195473344918,300.3703336880002,64.0,0.0858,-322.0,0.0859477215947466,short_nclose,0.09215239766822166
1667019162000.0,17559,1667019162000.0,0.01585418206378275,-0.0005484800000000001,300.33485303655556,300.40650520800017,64.0,0.0857,-258.0,0.0859477215947466,short_nclose,0.07383263030330225
1667019168000.0,17565,1667019168000.0,0.01263380133207688,-0.00043707000000000007,300.34704976788765,300.4024681380002,51.0,0.0857,-207.0,0.0859477215947466,short_nclose,0.059235402458129076
1667019184000.0,17581,1667019184000.0,0.010156585384610825,-0.00035137000000000005,300.3568549832723,300.4046167680002,41.0,0.0857,-166.0,0.0859477215947466,short_nclose,0.04750123577343532
1667019189000.0,17586,1667019189000.0,0.014256585384610942,-0.00035096,300.3707606086569,300.4154758080002,41.0,0.0856,-125.0,0.0859477215947466,short_nclose,0.035767346920097295
1667019189000.0,17586,1667019189000.0,0.014256585384610942,-0.00035096,300.3846662340415,300.41471484800024,41.0,0.0856,-84.0,0.0859477215947466,short_nclose,0.02403454445418873
1667019200000.0,17597,1667019200000.0,0.007302153489678775,-0.00017976,300.3917886275312,300.4143250880002,21.0,0.0856,-63.0,0.0859477215947466,short_nclose,0.01802548094010308
1667019200000.0,17597,1667019200000.0,0.007302153489678775,-0.00017976,300.39891102102087,300.4139353280002,21.0,0.0856,-42.0,0.0859477215947466,short_nclose,0.012016702373221173
1667019206000.0,17603,1667019206000.0,0.0034772159474660835,-8.560000000000001e-05,300.40230263696833,300.41406972800024,10.0,0.0856,-32.0,0.0859477215947466,short_nclose,0.009155479391766249
1667019206000.0,17603,1667019206000.0,0.0034772159474660835,-8.560000000000001e-05,300.4056942529158,300.4137841280002,10.0,0.0856,-22.0,0.0859477215947466,short_nclose,0.006294321017405523
1667019219000.0,17616,1667019219000.0,0.0017386079737330418,-4.2800000000000004e-05,300.4073900608895,300.4134713280002,5.0,0.0856,-17.0,0.0859477215947466,short_nclose,0.004863766057201655
1667019219000.0,17616,1667019219000.0,0.0017386079737330418,-4.2800000000000004e-05,300.4090858688632,300.4133785280002,5.0,0.0856,-12.0,0.0859477215947466,short_nclose,0.0034332272479507546
1667019263000.0,17660,1667019263000.0,0.001043164784239825,-2.5679999999999998e-05,300.4101033536474,300.4133228480001,3.0,0.0856,-9.0,0.0859477215947466,short_nclose,0.0025749117147438566
1667019263000.0,17660,1667019263000.0,0.001043164784239825,-2.5679999999999998e-05,300.4111208384316,300.41326716800006,3.0,0.0856,-6.0,0.0859477215947466,short_nclose,0.0017166019957224827
1667019351000.0,17748,1667019351000.0,0.00014772159474660262,-8.580000000000001e-06,300.4112599800264,300.4120485880001,1.0,0.0858,-5.0,0.0859477215947466,short_nclose,0.0014305010005360827
1667019351000.0,17748,1667019351000.0,0.00014772159474660262,-8.580000000000001e-06,300.4113991216212,300.41203000800016,1.0,0.0858,-4.0,0.0859477215947466,short_nclose,0.0011444002703765682
1667019360000.0,17757,1667019360000.0,0.00014772159474660262,-8.580000000000001e-06,300.41153826321596,300.4120714280002,1.0,0.0858,-3.0,0.0859477215947466,short_nclose,0.0008582998052435709
1667019360000.0,17757,1667019360000.0,0.00014772159474660262,-8.580000000000001e-06,300.41167740481075,300.41203284800025,1.0,0.0858,-2.0,0.0859477215947466,short_nclose,0.0005721996051367226
1667019381000.0,17778,1667019381000.0,0.0002477215947466055,-8.570000000000001e-06,300.4119165564055,300.41218427800027,1.0,0.0857,-1.0,0.0859477215947466,short_nclose,0.0002860995748103388
1667019407000.0,17804,1667019407000.0,0.0,-8.568000000000002e-06,300.4119079884055,300.41215571000026,-1.0,0.08568,-2.0,0.0858138607973733,short_ientry,0.0005713079842406601
1667019420000.0,17817,1667019420000.0,0.00011386079737329968,-8.570000000000001e-06,300.41201327920294,300.4121571400003,1.0,0.0857,-1.0,0.0858138607973733,short_nclose,0.00028565389200204154
1667019421000.0,17818,1667019421000.0,0.0,-8.567e-06,300.41200471220293,300.4121085730003,-1.0,0.08567,-2.0,0.08574193039868665,short_ientry,0.0005708289219721967
1667019447000.0,17844,1667019447000.0,0.0,-2.5770000000000006e-05,300.41197894220295,300.4115628030003,-3.0,0.0859,-5.0,0.08583677215947466,short_primary_rentry,0.0014286509556263238
1667019739000.0,18136,1667019739000.0,0.00013677215947466292,-8.570000000000001e-06,300.41210714436244,300.4126942330003,1.0,0.0857,-4.0,0.08583677215947466,short_nclose,0.0011429202767547044
1667019745000.0,18142,1667019745000.0,0.0002367721594746658,-8.56e-06,300.4123353565219,300.41337567300036,1.0,0.0856,-3.0,0.08583677215947466,short_nclose,0.0008571895563902765
1667019745000.0,18142,1667019745000.0,0.0002367721594746658,-8.56e-06,300.4125635686814,300.4132571130003,1.0,0.0856,-2.0,0.08583677215947466,short_nclose,0.000571459270143676
1667019745000.0,18142,1667019745000.0,0.0003367721594746548,-8.550000000000001e-06,300.41289179084083,300.41323856300033,1.0,0.0855,-1.0,0.08583677215947466,short_nclose,0.0002857293228921666
1667019745000.0,18142,1667019745000.0,0.0003367721594746548,-8.550000000000001e-06,300.4132200130003,300.4132200130003,1.0,0.0855,0.0,0.08583677215947466,short_nclose,0.0
1667019746000.0,18143,1667019746000.0,0.0,-1.7098e-05,300.4132029150003,300.4130229150003,-2.0,0.08549,-2.0,0.08549,short_ientry,0.0005691494193361985
1667019824000.0,18221,1667019824000.0,0.0,-2.571e-05,300.4131772050003,300.4127072050003,-3.0,0.0857,-5.0,0.085616,short_primary_rentry,0.0014249707818504932
1667020004000.0,18401,1667020004000.0,0.00011599999999999111,-8.550000000000001e-06,300.41328465500027,300.41382865500026,1.0,0.0855,-4.0,0.085616,short_nclose,0.0011399762177404754
1667020030000.0,18427,1667020030000.0,0.0,-8.570000000000001e-06,300.4132760850003,300.4128900850003,-1.0,0.0857,-5.0,0.08563280000000001,short_primary_rentry,0.0014252499276325372
1667020033000.0,18430,1667020033000.0,0.0,-4.29e-05,300.4132331850003,300.4122971850003,-5.0,0.0858,-10.0,0.0857164,short_primary_rentry,0.0028532830957953897
1667020075000.0,18472,1667020075000.0,0.00011640000000000261,-8.56e-06,300.4133410250003,300.4144786250003,1.0,0.0856,-9.0,0.0857164,short_nclose,0.002567953864391796
1667020084000.0,18481,1667020084000.0,0.00011640000000000261,-8.56e-06,300.4134488650003,300.4145400650003,1.0,0.0856,-8.0,0.0857164,short_nclose,0.0022826248378385802
1667020093000.0,18490,1667020093000.0,0.0002163999999999916,-8.550000000000001e-06,300.4136567150003,300.41531151500027,1.0,0.0855,-7.0,0.0857164,short_nclose,0.001997295351220429
1667020093000.0,18490,1667020093000.0,0.0002163999999999916,-8.550000000000001e-06,300.41386456500027,300.41528296500024,1.0,0.0855,-6.0,0.0857164,short_nclose,0.0017119662594291538
1667020107000.0,18504,1667020107000.0,0.0002163999999999916,-8.550000000000001e-06,300.41407241500025,300.41520441500023,1.0,0.0855,-5.0,0.0857164,short_nclose,0.001426637562463935
1667020107000.0,18504,1667020107000.0,0.0002163999999999916,-8.550000000000001e-06,300.41428026500023,300.41518586500024,1.0,0.0855,-4.0,0.0857164,short_nclose,0.0011413092603239526
1667020125000.0,18522,1667020125000.0,0.0002163999999999916,-8.550000000000001e-06,300.4144881150002,300.4151973150002,1.0,0.0855,-3.0,0.0857164,short_nclose,0.0008559813530083873
1667020125000.0,18522,1667020125000.0,0.0002163999999999916,-8.550000000000001e-06,300.4146959650002,300.4151687650002,1.0,0.0855,-2.0,0.0857164,short_nclose,0.0005706538405164199
1667020217000.0,18614,1667020217000.0,0.0,-2.5770000000000006e-05,300.4146701950002,300.4142529950002,-3.0,0.0859,-5.0,0.08582656,short_primary_rentry,0.0014284681893911785
1667020235000.0,18632,1667020235000.0,0.0,-4.2999999999999995e-05,300.4146271950002,300.4136599950002,-5.0,0.086,-10.0,0.08591328,short_primary_rentry,0.0028598234647287456
1667020315000.0,18712,1667020315000.0,0.0,-9.470999999999999e-05,300.4145324850002,300.4122452850002,-11.0,0.0861,-21.0,0.0860110857142857,short_primary_rentry,0.006012468122161119
1667020396000.0,18793,1667020396000.0,0.00033325714285709074,-2.5770000000000006e-05,300.4148399721431,300.4170195150003,3.0,0.0859,-18.0,0.0860110857142857,short_nclose,0.005153538829841775
1667020415000.0,18812,1667020415000.0,0.0006332571428570993,-2.5740000000000004e-05,300.41544748928595,300.41891377500025,3.0,0.0858,-15.0,0.0860110857142857,short_nclose,0.0042946070067195795
1667020415000.0,18812,1667020415000.0,0.0006332571428570993,-2.5740000000000004e-05,300.4160550064288,300.4188280350002,3.0,0.0858,-12.0,0.0860110857142857,short_nclose,0.003435678657551578
1667020421000.0,18818,1667020421000.0,0.00042217142857139955,-1.7160000000000002e-05,300.41646001785733,300.4186708750002,2.0,0.0858,-10.0,0.0860110857142857,short_nclose,0.002863061688070389
1667020421000.0,18818,1667020421000.0,0.00042217142857139955,-1.7160000000000002e-05,300.4168650292859,300.41863371500017,2.0,0.0858,-8.0,0.0860110857142857,short_nclose,0.002290446262553229
1667020450000.0,18847,1667020450000.0,0.00021108571428569978,-8.580000000000001e-06,300.41706753500017,300.41868513500015,1.0,0.0858,-7.0,0.0860110857142857,short_nclose,0.0020041391287792085
1667020450000.0,18847,1667020450000.0,0.00021108571428569978,-8.580000000000001e-06,300.41727004071447,300.4186565550002,1.0,0.0858,-6.0,0.0860110857142857,short_nclose,0.001717832380993854
1667020471000.0,18868,1667020471000.0,0.00031108571428570264,-8.570000000000001e-06,300.41757255642875,300.4191779850002,1.0,0.0857,-5.0,0.0860110857142857,short_nclose,0.0014315255426366556
1667020475000.0,18872,1667020475000.0,0.0004110857142857055,-8.56e-06,300.417975082143,300.41973942500016,1.0,0.0856,-4.0,0.0860110857142857,short_nclose,0.0011452188996449732
1667020475000.0,18872,1667020475000.0,0.0004110857142857055,-8.56e-06,300.4183776078573,300.41970086500015,1.0,0.0856,-3.0,0.0860110857142857,short_nclose,0.0008589130238885504
1667020482000.0,18879,1667020482000.0,0.0004110857142857055,-8.56e-06,300.41878013357154,300.41962230500013,1.0,0.0856,-2.0,0.0860110857142857,short_nclose,0.0005726079153643034
1667020482000.0,18879,1667020482000.0,0.0004110857142857055,-8.56e-06,300.4191826592858,300.4196037450001,1.0,0.0856,-1.0,0.0860110857142857,short_nclose,0.00028630357406914786
1667020483000.0,18880,1667020483000.0,0.0,-8.559e-06,300.41917410028583,300.41955518600014,-1.0,0.08559,-2.0,0.08580054285714285,short_ientry,0.0005712055038704084
1667020484000.0,18881,1667020484000.0,0.0002005428571428547,-8.56e-06,300.41936608314296,300.4195866260001,1.0,0.0856,-1.0,0.08580054285714285,short_nclose,0.00028560256942089746
1667020484000.0,18881,1667020484000.0,0.0002005428571428547,-8.56e-06,300.4195580660001,300.4195580660001,1.0,0.0856,0.0,0.08580054285714285,short_nclose,0.0
1667020485000.0,18882,1667020485000.0,0.0,-1.7116e-05,300.4195409500001,300.4194609500001,-2.0,0.08558,-2.0,0.08558,short_ientry,0.0005697365739217568
1667020550000.0,18947,1667020550000.0,0.0001799999999999996,-8.540000000000001e-06,300.4197124100001,300.4199124100001,1.0,0.0854,-1.0,0.08558,short_nclose,0.00028486812437661895
1667020550000.0,18947,1667020550000.0,0.0001799999999999996,-8.540000000000001e-06,300.4198838700001,300.4198838700001,1.0,0.0854,0.0,0.08558,short_nclose,0.0
1667020552000.0,18949,1667020552000.0,0.0,-1.7072000000000002e-05,300.4198667980001,300.4197867980001,-2.0,0.08536,-2.0,0.08536,short_ientry,0.0005682713391081781
1667020573000.0,18970,1667020573000.0,0.00016000000000000736,-8.52e-06,300.4200182780001,300.4202282780001,1.0,0.0852,-1.0,0.08536,short_nclose,0.00028413552628510363
1667020573000.0,18970,1667020573000.0,0.00016000000000000736,-8.52e-06,300.4201697580001,300.4201697580001,1.0,0.0852,0.0,0.08536,short_nclose,0.0
1667020576000.0,18973,1667020576000.0,0.0,-1.702e-05,300.4201527380001,300.42001273800014,-2.0,0.0851,-2.0,0.0851,short_ientry,0.0005665398890481005
1667020587000.0,18984,1667020587000.0,9.999999999998899e-05,-8.500000000000002e-06,300.4202442380001,300.4203642380001,1.0,0.085,-1.0,0.0851,short_nclose,0.00028326985824757446
1667020588000.0,18985,1667020588000.0,0.0,-8.498e-06,300.4202357400001,300.4201957400001,-1.0,0.08498,-2.0,0.08504,short_ientry,0.0005661402920514196
1667020598000.0,18995,1667020598000.0,0.00014000000000000123,-8.49e-06,300.4203672500001,300.4205472500001,1.0,0.0849,-1.0,0.08504,short_nclose,0.00028307002211082604
1667020599000.0,18996,1667020599000.0,0.0,-8.486000000000001e-06,300.42035876400007,300.42049876400006,-1.0,0.08486,-2.0,0.08495,short_ientry,0.0005655408997546255
1667020600000.0,18997,1667020600000.0,0.00014999999999999736,-8.48e-06,300.42050028400007,300.4207902840001,1.0,0.0848,-1.0,0.08495,short_nclose,0.0002827703166717758
1667020600000.0,18997,1667020600000.0,0.00014999999999999736,-8.48e-06,300.42064180400007,300.42064180400007,1.0,0.0848,0.0,0.08495,short_nclose,0.0
1667020601000.0,18998,1667020601000.0,0.0,-1.6932e-05,300.4206248720001,300.42038487200006,-2.0,0.08466,-2.0,0.08466,short_ientry,0.0005636097723721266
1667020605000.0,19002,1667020605000.0,0.0,-2.5470000000000005e-05,300.42059940200005,300.420069402,-3.0,0.0849,-5.0,0.08480399999999999,short_primary_rentry,0.0014114211903046255
1667020634000.0,19031,1667020634000.0,0.0,-9.360999999999999e-05,300.42050579200003,300.418865792,-11.0,0.0851,-16.0,0.08500749999999999,short_primary_rentry,0.004527387357977808
1667020724000.0,19121,1667020724000.0,0.0,-0.00028149,300.420224302,300.415054302,-33.0,0.0853,-49.0,0.08520448979591835,short_primary_rentry,0.013897266769240623
1667020773000.0,19170,1667020773000.0,0.0007314285714285079,-5.957e-05,300.42089616057143,300.426964732,7.0,0.0851,-42.0,0.08520448979591835,short_nclose,0.01191191630530207
1667020778000.0,19175,1667020778000.0,0.0014314285714284308,-5.950000000000001e-05,300.42226808914285,300.43082523199996,7.0,0.085,-35.0,0.08520448979591835,short_nclose,0.00992655158961872
1667020778000.0,19175,1667020778000.0,0.0014314285714284308,-5.950000000000001e-05,300.42364001771426,300.43048573199997,7.0,0.085,-28.0,0.08520448979591835,short_nclose,0.007941205006853127
1667020812000.0,19209,1667020812000.0,0.000817959183673389,-3.4000000000000007e-05,300.4244239768979,300.430051732,4.0,0.085,-24.0,0.08520448979591835,short_nclose,0.0068067293864872
1667020812000.0,19209,1667020812000.0,0.000817959183673389,-3.4000000000000007e-05,300.42520793608156,300.4298977319999,4.0,0.085,-20.0,0.08520448979591835,short_nclose,0.005672259686946539
1667020849000.0,19246,1667020849000.0,0.0006134693877550418,-2.5500000000000003e-05,300.42579590546933,300.42944223199993,3.0,0.085,-17.0,0.08520448979591835,short_nclose,0.004821411297804744
1667020849000.0,19246,1667020849000.0,0.0006134693877550418,-2.5500000000000003e-05,300.4263838748571,300.42938673199995,3.0,0.085,-14.0,0.08520448979591835,short_nclose,0.003970566239081536
1667020864000.0,19261,1667020864000.0,0.0009134693877550504,-2.5470000000000005e-05,300.4272718742448,300.4311712619999,3.0,0.0849,-11.0,0.08520448979591835,short_nclose,0.0031197213951582366
1667020892000.0,19289,1667020892000.0,0.00020448979591834726,-8.500000000000002e-06,300.42746786404075,300.42971276199995,1.0,0.085,-10.0,0.08520448979591835,short_nclose,0.0028361085090421183
1667020892000.0,19289,1667020892000.0,0.00020448979591834726,-8.500000000000002e-06,300.4276638538367,300.42968426199997,1.0,0.085,-9.0,0.08520448979591835,short_nclose,0.002552495992966701
1667020938000.0,19335,1667020938000.0,0.00010448979591835827,-8.51e-06,300.42775983363265,300.428675752,1.0,0.0851,-8.0,0.08520448979591835,short_nclose,0.0022688846022245585
1667021035000.0,19432,1667021035000.0,0.0,-6.832000000000001e-05,300.4276915136326,300.425967432,-8.0,0.0854,-16.0,0.08530224489795918,short_primary_rentry,0.004542976419686712
1667021056000.0,19453,1667021056000.0,0.0,-0.00028248,300.4274090336326,300.420684952,-33.0,0.0856,-49.0,0.08550277384423156,short_primary_rentry,0.013945584831437001
1667021217000.0,19614,1667021217000.0,0.0,-0.0014104,300.4259986336326,300.393114552,-164.0,0.086,-213.0,0.08588561464022228,short_primary_rentry,0.060892319578094524
1667021286000.0,19683,1667021286000.0,0.0055684392066683575,-0.00025709999999999996,300.4313099728393,300.467107452,30.0,0.0857,-183.0,0.08588561464022228,short_nclose,0.052315011643032774
1667021286000.0,19683,1667021286000.0,0.0055684392066683575,-0.00025709999999999996,300.436621312046,300.466550352,30.0,0.0857,-153.0,0.08588561464022228,short_nclose,0.043738006979867274
1667021294000.0,19691,1667021294000.0,0.008568439206668443,-0.0002568,300.44493295125267,300.481293552,30.0,0.0856,-123.0,0.08588561464022228,short_nclose,0.03516095444505747
1667021294000.0,19691,1667021294000.0,0.008568439206668443,-0.0002568,300.45324459045935,300.48073675200004,30.0,0.0856,-93.0,0.08588561464022228,short_nclose,0.026584376455737913
1667021299000.0,19696,1667021299000.0,0.005141063524001066,-0.00015408000000000002,300.4582315739833,300.481902672,18.0,0.0856,-75.0,0.08588561464022228,short_nclose,0.021438657427598443
1667021299000.0,19696,1667021299000.0,0.005141063524001066,-0.00015408000000000002,300.4632185575073,300.481208592,18.0,0.0856,-57.0,0.08588561464022228,short_nclose,0.016293109213152152
1667021307000.0,19704,1667021307000.0,0.0014849171217782287,-6.856000000000001e-05,300.4646349146291,300.47422003199995,8.0,0.0857,-49.0,0.08588561464022228,short_nclose,0.014006291018464193
1667021307000.0,19704,1667021307000.0,0.0014849171217782287,-6.856000000000001e-05,300.46605127175087,300.474071472,8.0,0.0857,-41.0,0.08588561464022228,short_nclose,0.011719494383291677
1667021361000.0,19758,1667021361000.0,0.0,-6.02e-05,300.46599107175086,300.460341272,-7.0,0.086,-48.0,0.08590229583852318,short_primary_rentry,0.013723051269601
1667021412000.0,19809,1667021412000.0,0.0006137750311391021,-5.148000000000001e-05,300.46655336678197,300.4721097919999,6.0,0.0858,-42.0,0.08590229583852318,short_nclose,0.012007647389670641
1667021418000.0,19815,1667021418000.0,0.0014160708696623059,-5.999e-05,300.4679094476516,300.4753398019999,7.0,0.0857,-35.0,0.08590229583852318,short_nclose,0.010006327663660624
1667021418000.0,19815,1667021418000.0,0.0014160708696623059,-5.999e-05,300.46926552852125,300.4752098119999,7.0,0.0857,-28.0,0.08590229583852318,short_nclose,0.008005026002402684
1667021424000.0,19821,1667021424000.0,0.0008091833540927462,-3.4280000000000004e-05,300.4700404318753,300.47513553199985,4.0,0.0857,-24.0,0.08590229583852318,short_nclose,0.006861433163723322
1667021424000.0,19821,1667021424000.0,0.0008091833540927462,-3.4280000000000004e-05,300.47081533522936,300.4750612519998,4.0,0.0857,-20.0,0.08590229583852318,short_nclose,0.005717846223613011
1667021429000.0,19826,1667021429000.0,0.0006068875155695597,-2.571e-05,300.47139651274495,300.47619554199986,3.0,0.0857,-17.0,0.08590229583852318,short_nclose,0.004860159889438766
1667021429000.0,19826,1667021429000.0,0.0006068875155695597,-2.571e-05,300.47197769026053,300.47592983199985,3.0,0.0857,-14.0,0.08590229583852318,short_nclose,0.00400247687316469
1667021435000.0,19832,1667021435000.0,0.0004045916770463731,-1.7140000000000002e-05,300.4723651419376,300.47491269199986,2.0,0.0857,-12.0,0.08590229583852318,short_nclose,0.0034306900389170047
1667021435000.0,19832,1667021435000.0,0.0004045916770463731,-1.7140000000000002e-05,300.47275259361464,300.4748755519999,2.0,0.0857,-10.0,0.08590229583852318,short_nclose,0.0028589046792773546
1667021442000.0,19839,1667021442000.0,0.00020229583852318656,-8.570000000000001e-06,300.4729463194532,300.4748569819999,1.0,0.0857,-9.0,0.08590229583852318,short_nclose,0.002573012552433761
1667021442000.0,19839,1667021442000.0,0.00020229583852318656,-8.570000000000001e-06,300.4731400452917,300.4748384119999,1.0,0.0857,-8.0,0.08590229583852318,short_nclose,0.002287120794240037
1667021471000.0,19868,1667021471000.0,0.0006045916770463788,-1.712e-05,300.4737275169688,300.4756612919999,2.0,0.0856,-6.0,0.08590229583852318,short_nclose,0.0017153372419291867
1667021493000.0,19890,1667021493000.0,0.0008045916770463568,-1.7100000000000002e-05,300.4745150086458,300.47616419199994,2.0,0.0855,-4.0,0.08590229583852318,short_nclose,0.0011435551642181893
1667021493000.0,19890,1667021493000.0,0.0008045916770463568,-1.7100000000000002e-05,300.47530250032287,300.4761270919999,2.0,0.0855,-2.0,0.08590229583852318,short_nclose,0.0005717760835829819
1667021503000.0,19900,1667021503000.0,0.0004022958385231784,-8.550000000000001e-06,300.47569624616136,300.4761285419999,1.0,0.0855,-1.0,0.08590229583852318,short_nclose,0.00028588766716143555
1667021503000.0,19900,1667021503000.0,0.0004022958385231784,-8.550000000000001e-06,300.47608999199986,300.47608999199986,1.0,0.0855,0.0,0.08590229583852318,short_nclose,0.0
1667021504000.0,19901,1667021504000.0,0.0,-1.7094000000000003e-05,300.47607289799987,300.47603289799986,-2.0,0.08547,-2.0,0.08547,short_ientry,0.000568897211519493
1667021764000.0,20161,1667021764000.0,0.00017000000000000348,-8.53e-06,300.4762343679999,300.4764143679999,1.0,0.0853,-1.0,0.08547,short_nclose,0.00028444845290267784
1667021764000.0,20161,1667021764000.0,0.00017000000000000348,-8.53e-06,300.4763958379999,300.4763958379999,1.0,0.0853,0.0,0.08547,short_nclose,0.0
1667021765000.0,20162,1667021765000.0,0.0,-1.7058e-05,300.4763787799999,300.4763587799999,-2.0,0.08529,-2.0,0.08529,short_ientry,0.0005676985348818176
1667021774000.0,20171,1667021774000.0,9.000000000000674e-05,-8.52e-06,300.4764602599999,300.4765702599999,1.0,0.0852,-1.0,0.08529,short_nclose,0.00028384919046969354
1667021780000.0,20177,1667021780000.0,0.0,-8.518e-06,300.4764517419999,300.4765417419999,-1.0,0.08518,-2.0,0.085235,short_ientry,0.0005673323117725439
1667022098000.0,20495,1667022098000.0,0.0001350000000000101,-8.51e-06,300.4765782319999,300.47672323199987,1.0,0.0851,-1.0,0.085235,short_nclose,0.0002836660364728645
1667022116000.0,20513,1667022116000.0,0.0,-8.509000000000001e-06,300.4765697229999,300.4766947229999,-1.0,0.08509,-2.0,0.0851625,short_ientry,0.0005668495222673015
1667022121000.0,20518,1667022121000.0,0.00016249999999999598,-8.500000000000002e-06,300.4767237229999,300.4769262229999,1.0,0.085,-1.0,0.0851625,short_nclose,0.0002834246158731039
1667022121000.0,20518,1667022121000.0,0.00016249999999999598,-8.500000000000002e-06,300.4768777229999,300.4768777229999,1.0,0.085,0.0,0.0851625,short_nclose,0.0
1667022122000.0,20519,1667022122000.0,0.0,-1.6992e-05,300.47686073099993,300.47670073099994,-2.0,0.08496,-2.0,0.08496,short_ientry,0.0005655011157485428
1667022362000.0,20759,1667022362000.0,0.0,-2.556e-05,300.47683517099995,300.47620517099995,-3.0,0.0852,-5.0,0.085104,short_primary_rentry,0.0014161491010042041
1667022435000.0,20832,1667022435000.0,0.00010399999999999299,-8.500000000000002e-06,300.476930671,300.477466671,1.0,0.085,-4.0,0.085104,short_nclose,0.0011329189207298258
1667022480000.0,20877,1667022480000.0,0.00020399999999999585,-8.49e-06,300.47712618099996,300.477768181,1.0,0.0849,-3.0,0.085104,short_nclose,0.0008496886376842089
1667022480000.0,20877,1667022480000.0,0.00020399999999999585,-8.49e-06,300.47732169099993,300.47774969099993,1.0,0.0849,-2.0,0.085104,short_nclose,0.000566458723214512
1667022496000.0,20893,1667022496000.0,0.00020399999999999585,-8.49e-06,300.4775172009999,300.4777512009999,1.0,0.0849,-1.0,0.085104,short_nclose,0.00028322917732001546
1667022496000.0,20893,1667022496000.0,0.00020399999999999585,-8.49e-06,300.47771271099987,300.47771271099987,1.0,0.0849,0.0,0.085104,short_nclose,0.0
1667022497000.0,20894,1667022497000.0,0.0,-1.6974e-05,300.47769573699986,300.47751573699986,-2.0,0.08487,-2.0,0.08487,short_ientry,0.0005649004981340409
1667022589000.0,20986,1667022589000.0,0.00017000000000000348,-8.47e-06,300.4778572669999,300.47804726699985,1.0,0.0847,-1.0,0.08487,short_nclose,0.00028245009722824884
1667022589000.0,20986,1667022589000.0,0.00017000000000000348,-8.47e-06,300.4780187969999,300.4780187969999,1.0,0.0847,0.0,0.08487,short_nclose,0.0
1667022592000.0,20989,1667022592000.0,0.0,-1.6932e-05,300.4780018649999,300.4779818649999,-2.0,0.08466,-2.0,0.08466,short_ientry,0.0005635021497383121
1667022691000.0,21088,1667022691000.0,0.0,-2.5470000000000005e-05,300.47797639499987,300.47744639499984,-3.0,0.0849,-5.0,0.08480399999999999,short_primary_rentry,0.0014111516760303099
1667022777000.0,21174,1667022777000.0,0.0,-9.360999999999999e-05,300.47788278499985,300.47592278499985,-11.0,0.0851,-16.0,0.08500749999999999,short_primary_rentry,0.004526522842192691
1667022926000.0,21323,1667022926000.0,0.0,-0.00028149,300.47760129499983,300.47194129499985,-33.0,0.0853,-49.0,0.08520448979591835,short_primary_rentry,0.013894613049380312
1667023030000.0,21427,1667023030000.0,0.0007314285714285079,-5.957e-05,300.47827315357125,300.4830817249998,7.0,0.0851,-42.0,0.08520448979591835,short_nclose,0.01190964169845183
1667023138000.0,21535,1667023138000.0,0.0006269387755101496,-5.1059999999999996e-05,300.4788490323468,300.4829706649998,6.0,0.0851,-36.0,0.08520448979591835,short_nclose,0.010208244748444364
1667023157000.0,21554,1667023157000.0,0.0005224489795917914,-4.2550000000000004e-05,300.4793289313264,300.48349811499986,5.0,0.0851,-31.0,0.08520448979591835,short_nclose,0.008790418938525847
1667023162000.0,21559,1667023162000.0,0.0004179591836734331,-3.404e-05,300.47971285051005,300.4830740749999,4.0,0.0851,-27.0,0.08520448979591835,short_nclose,0.00765616155136009
1667023187000.0,21584,1667023187000.0,0.0003134693877550748,-2.5529999999999998e-05,300.4800007898978,300.4827485449999,3.0,0.0851,-24.0,0.08520448979591835,short_nclose,0.006805470413093765
1667023209000.0,21606,1667023209000.0,0.0003134693877550748,-2.5529999999999998e-05,300.4802887292856,300.48290301499986,3.0,0.0851,-21.0,0.08520448979591835,short_nclose,0.005954780905200509
1667023228000.0,21625,1667023228000.0,0.0003134693877550748,-2.5529999999999998e-05,300.48057666867334,300.4826374849999,3.0,0.0851,-18.0,0.08520448979591835,short_nclose,0.0051040930276756375
1667023398000.0,21795,1667023398000.0,0.00020897959183671655,-1.702e-05,300.4807686282652,300.4826004649999,2.0,0.0851,-16.0,0.08520448979591835,short_nclose,0.004536968681750288
1667023433000.0,21830,1667023433000.0,0.00020897959183671655,-1.702e-05,300.48096058785706,300.4825634449999,2.0,0.0851,-14.0,0.08520448979591835,short_nclose,0.0039698450604296375
1667023476000.0,21873,1667023476000.0,0.00020897959183671655,-1.702e-05,300.4811525474489,300.48252642499995,2.0,0.0851,-12.0,0.08520448979591835,short_nclose,0.0034027221637122976
1667023490000.0,21887,1667023490000.0,0.0004089795918366945,-1.7000000000000003e-05,300.48154452704074,300.48378942499994,2.0,0.085,-10.0,0.08520448979591835,short_nclose,0.002835598104037657
1667023490000.0,21887,1667023490000.0,0.0004089795918366945,-1.7000000000000003e-05,300.48193650663256,300.4837324249999,2.0,0.085,-8.0,0.08520448979591835,short_nclose,0.002268475523993107
1667023563000.0,21960,1667023563000.0,0.00020448979591834726,-8.500000000000002e-06,300.4821324964285,300.48363392499994,1.0,0.085,-7.0,0.08520448979591835,short_nclose,0.001984914788830306
1667023563000.0,21960,1667023563000.0,0.00020448979591834726,-8.500000000000002e-06,300.48232848622445,300.483615425,1.0,0.085,-6.0,0.08520448979591835,short_nclose,0.0017013544235728567
1667023568000.0,21965,1667023568000.0,0.00020448979591834726,-8.500000000000002e-06,300.4825244760204,300.483696925,1.0,0.085,-5.0,0.08520448979591835,short_nclose,0.001417794428220034
1667023568000.0,21965,1667023568000.0,0.00020448979591834726,-8.500000000000002e-06,300.4827204658163,300.483658425,1.0,0.085,-4.0,0.08520448979591835,short_nclose,0.0011342348027711154
1667023597000.0,21994,1667023597000.0,0.00020448979591834726,-8.500000000000002e-06,300.48291645561227,300.483559925,1.0,0.085,-3.0,0.08520448979591835,short_nclose,0.0008506755472253766
1667023597000.0,21994,1667023597000.0,0.00020448979591834726,-8.500000000000002e-06,300.4831124454082,300.48354142500006,1.0,0.085,-2.0,0.08520448979591835,short_nclose,0.0005671166615820935
1667023658000.0,22055,1667023658000.0,0.00010448979591835827,-8.51e-06,300.48320842520417,300.4833229150001,1.0,0.0851,-1.0,0.08520448979591835,short_nclose,0.0002835582402173642
1667023691000.0,22088,1667023691000.0,0.0,-8.509000000000001e-06,300.48319991620417,300.4832944060001,-1.0,0.08509,-2.0,0.08514724489795918,short_ientry,0.0005667354775355442
1667023727000.0,22124,1667023727000.0,0.00014724489795917006,-8.500000000000002e-06,300.48333866110215,300.4835259060001,1.0,0.085,-1.0,0.08514724489795918,short_nclose,0.0002833676079258153
1667023727000.0,22124,1667023727000.0,0.00014724489795917006,-8.500000000000002e-06,300.48347740600013,300.48347740600013,1.0,0.085,0.0,0.08514724489795918,short_nclose,0.0
1667023731000.0,22128,1667023731000.0,0.0,-1.6988e-05,300.4834604180001,300.4834404180001,-2.0,0.08494,-2.0,0.08494,short_ientry,0.0005653555765221864
1667023752000.0,22149,1667023752000.0,0.00014000000000000123,-8.48e-06,300.4835919380001,300.48375193800007,1.0,0.0848,-1.0,0.08494,short_nclose,0.0002826776645345946
1667023753000.0,22150,1667023753000.0,0.0,-8.477999999999999e-06,300.4835834600001,300.48368346000007,-1.0,0.08478,-2.0,0.08485999999999999,short_ientry,0.0005648228700074487
1667023785000.0,22182,1667023785000.0,0.00015999999999999348,-8.47e-06,300.4837349900001,300.4839049900001,1.0,0.0847,-1.0,0.08485999999999999,short_nclose,0.0002824112925873478
1667023785000.0,22182,1667023785000.0,0.00015999999999999348,-8.47e-06,300.48388652000006,300.48388652000006,1.0,0.0847,0.0,0.08485999999999999,short_nclose,0.0
1667023787000.0,22184,1667023787000.0,0.0,-1.6936000000000002e-05,300.48386958400005,300.48382958400003,-2.0,0.08468,-2.0,0.08468,short_ientry,0.0005636242645386179
1667023895000.0,22292,1667023895000.0,0.0001799999999999996,-8.45e-06,300.48404113400005,300.48424113400006,1.0,0.0845,-1.0,0.08468,short_nclose,0.0002818119713793292
1667023895000.0,22292,1667023895000.0,0.0001799999999999996,-8.45e-06,300.48421268400006,300.48421268400006,1.0,0.0845,0.0,0.08468,short_nclose,0.0
1667023896000.0,22293,1667023896000.0,0.0,-1.6896000000000002e-05,300.4841957880001,300.48411578800005,-2.0,0.08448,-2.0,0.08448,short_ientry,0.0005622924678514739
1667024003000.0,22400,1667024003000.0,0.0001799999999999996,-8.43e-06,300.4843673580001,300.4846173580001,1.0,0.0843,-1.0,0.08448,short_nclose,0.000281146073397388
1667024003000.0,22400,1667024003000.0,0.0001799999999999996,-8.43e-06,300.4845389280001,300.4845389280001,1.0,0.0843,0.0,0.08448,short_nclose,0.0
1667024004000.0,22401,1667024004000.0,0.0,-1.6846e-05,300.4845220820001,300.48442208200015,-2.0,0.08423,-2.0,0.08423,short_ientry,0.0005606278780443422
1667024097000.0,22494,1667024097000.0,0.0,-2.5319999999999998e-05,300.4844967620001,300.4840567620001,-3.0,0.0844,-5.0,0.08433199999999999,short_primary_rentry,0.0014032670721577272
1667024258000.0,22655,1667024258000.0,0.0,-9.306000000000001e-05,300.4844037020001,300.4829037020001,-11.0,0.0846,-16.0,0.08451624999999999,short_primary_rentry,0.004500266846931193
1667024395000.0,22792,1667024395000.0,0.0,-0.00027984,300.4841238620001,300.4786038620001,-33.0,0.0848,-49.0,0.0847073469387755,short_primary_rentry,0.013813242266024761
1667024460000.0,22857,1667024460000.0,0.0007514285714285696,-5.922e-05,300.4848160705715,300.4897446420001,7.0,0.0846,-42.0,0.0847073469387755,short_nclose,0.011839894667399806
1667024475000.0,22872,1667024475000.0,0.0,-5.936000000000001e-05,300.4847567105715,300.48037528200007,-7.0,0.0848,-49.0,0.084720583090379,short_primary_rentry,0.013815371591135762
1667024796000.0,23193,1667024796000.0,0.0008440816326530237,-5.922e-05,300.4855415722041,300.491446062,7.0,0.0846,-42.0,0.084720583090379,short_nclose,0.011841716147733175
1667024817000.0,23214,1667024817000.0,0.0007234985422740203,-5.0759999999999995e-05,300.4862143107464,300.490915302,6.0,0.0846,-36.0,0.084720583090379,short_nclose,0.01015001968808979
1667024870000.0,23267,1667024870000.0,0.0,-0.00011037000000000002,300.4861039407464,300.47915493200003,-13.0,0.0849,-49.0,0.08476818349497234,short_primary_rentry,0.013823071805252971
1667024997000.0,23394,1667024997000.0,0.0,-0.0014074500000000002,300.4846964907464,300.44793748200004,-165.0,0.0853,-214.0,0.08517822893109181,short_primary_rentry,0.06066246036531512
1667025249000.0,23646,1667025249000.0,0.0,-0.00447539,300.4802211007464,300.3184120920001,-521.0,0.0859,-735.0,0.08568985168878047,short_primary_rentry,0.20960461477474998
1667026579000.0,24976,1667026579000.0,0.009434427321950295,-0.0008988,300.4887567280683,300.557963292,105.0,0.0856,-630.0,0.08568985168878047,short_nclose,0.17965599495885917
1667026604000.0,25001,1667026604000.0,0.00808665199024311,-0.0007704,300.49607298005856,300.54999289200003,90.0,0.0856,-540.0,0.08568985168878047,short_nclose,0.15398710356861198
1667026630000.0,25027,1667026630000.0,0.01708665199024212,-0.0007695000000000001,300.51239013204884,300.606823392,90.0,0.0855,-450.0,0.08568985168878047,short_nclose,0.1283156186771776
1667026780000.0,25177,1667026780000.0,0.005750508081950656,-0.00054784,300.5175928001308,300.55613555200006,64.0,0.0856,-386.0,0.08568985168878047,short_nclose,0.11006438073616458
1667027197000.0,25594,1667027197000.0,0.004941842882926345,-0.00047080000000000006,300.5220638430137,300.55511475200007,55.0,0.0856,-331.0,0.08568985168878047,short_nclose,0.09438022801481472
1667027212000.0,25609,1667027212000.0,0.004223029372682513,-0.00040232,300.5258845523864,300.55992243200006,47.0,0.0856,-284.0,0.08568985168878047,short_nclose,0.08097777639307312
1667027220000.0,25617,1667027220000.0,0.00359406755121916,-0.00034240000000000003,300.5291362199376,300.555940032,40.0,0.0856,-244.0,0.08568985168878047,short_nclose,0.06957170301371712
1667027239000.0,25636,1667027239000.0,0.003054957418536286,-0.00029104,300.53190013735616,300.55286899200007,34.0,0.0856,-210.0,0.08568985168878047,short_nclose,0.05987673470410117
1667027244000.0,25641,1667027244000.0,0.00269555066341437,-0.0002568,300.5343388880196,300.5523121920001,30.0,0.0856,-180.0,0.08568985168878047,short_nclose,0.05132249898979963
1667027281000.0,25678,1667027281000.0,0.002246292219511975,-0.00021399999999999997,300.5363711802391,300.5518481920001,25.0,0.0856,-155.0,0.08568985168878047,short_nclose,0.0441940752781482
1667027291000.0,25688,1667027291000.0,0.001976737153170538,-0.00018832,300.5381595973922,300.552769872,22.0,0.0856,-133.0,0.08568985168878047,short_nclose,0.03792114216003436
1667027296000.0,25693,1667027296000.0,0.001707182086829101,-0.00016264,300.53970413947906,300.552227232,19.0,0.0856,-114.0,0.08568985168878047,short_nclose,0.0325036690925449
1667027542000.0,25939,1667027542000.0,0.0,-0.00085437,300.53884976947904,300.467162862,-99.0,0.0863,-213.0,0.08597344174892477,short_primary_rentry,0.060931700199714646
1667027566000.0,25963,1667027566000.0,0.0,-0.0044477100000000006,300.534402059479,300.314305152,-513.0,0.0867,-726.0,0.08648683621559362,short_primary_rentry,0.2089259754032893
1667027753000.0,26150,1667027753000.0,0.0,-0.00863845,300.52576360947904,299.422576702,-985.0,0.0877,-1711.0,0.08718523851111687,short_primary_rentry,0.49637655454514185
